	ID_1	ID_2	Similarity
0	11214	11195	0.7042086714029414
1	11293	11195	0.7297366699959508
2	11195	11214	0.7042086714029414
3	11195	11293	0.7297366699959508
