classifier	feature	accuracy	precision	recall	f-measure	auc
SVM	BoW	0.9236334918582818	0.93037234987235	0.9148975468975469	0.9225700609862193	0
SVM	SVD	0.4523594053005818	0.3694365612454068	0.4352236652236653	0.39964081475333885	0
Random Forest	BoW	0.8037999815310739	0.8243787780846603	0.7676580086580087	0.7950079752355407	0
Random Forest	SVD	0.6713206436420722	0.6514912675044254	0.6474978354978356	0.6494884130742743	0
Custom Random Forest	SVD	0.7054410225628713	0.7018007635639213	0.6887532467532468	0.6952157929749285	0
